name,g_whitep,g_websites,id,symbol,market_cap,market_cap_rank,total_supply,max_supply,circulating_supply,image,ath_date,atl_date
OneLedger,['https://docs.oneledger.io/'],['https://oneledger.io'],one-ledger,olt,1866258.0,1628.0,1000000000.0,,434601854.6326148,https://assets.coingecko.com/coins/images/3422/large/One_Ledger.jpeg?1547038108,2021-11-07T21:05:03.740Z,2020-03-13T02:15:03.984Z
Redacted,['https://redacted-cartel.gitbook.io/redacted/'],"['https://app.redacted.finance', 'https://redactedcartel.xyz']",redacted,btrfly,31810589.0,489.0,199828.739832098,,199828.739832098,https://assets.coingecko.com/coins/images/26745/large/redacted_v2.jpg?1660011507,2023-02-19T19:03:46.168Z,2022-10-25T01:56:59.875Z
SpaceN,['https://www.spacen.xyz/doc/SpaceN%20whitepaper.pdf'],['https://www.spacen.xyz/'],spacen,sn,10183608.0,898.0,1000000000.0,1000000000.0,40010000.0,https://assets.coingecko.com/coins/images/27576/large/sn.png?1664694186,2022-11-01T11:39:24.725Z,2022-10-04T18:52:03.353Z
SSV Network,[],[],ssv-network,ssv,142828006.0,188.0,11076871.0,,7085672.647228521,https://assets.coingecko.com/coins/images/19155/large/ssv.png?1638181902,2023-02-27T23:15:10.196Z,2022-06-18T20:56:57.599Z
Cortex,"['https://www.cortexlabs.ai/Cortex_AI_on_Blockchain_EN.pdf', 'https://drive.google.com/file/d/1B01q8NZC3qq_8G6kjhXh6J55h_h32qG1/view', 'https://www.youtube.com/watch?v=YKVpFQ7ghDg']",['https://www.cortexlabs.ai/'],cortex,ctxc,31031446.0,500.0,299792458.0,,212470626.765625,https://assets.coingecko.com/coins/images/3861/large/2638.png?1523930406,2018-04-30T00:29:47.162Z,2020-03-13T02:29:44.476Z
Reality Metaverse,[],['https://nft.reality.co/home/portal/building/613'],reality-metaverse,rltm,1599291.0,1690.0,1000000000.0,1000000000.0,80858024.8401682,https://assets.coingecko.com/coins/images/29806/large/rltm.png?1681362836,2023-04-17T21:45:42.175Z,2023-05-23T01:31:34.847Z
Defigram,['https://defigram.net/Defigram_Whitepaper.pdf'],['https://defigram.net/'],defigram,dfg,24519849.0,580.0,1000000000.0,1000000000.0,10000000.0,https://assets.coingecko.com/coins/images/25162/large/19590.png?1650519619,2023-02-26T15:43:21.431Z,2022-05-14T02:49:03.325Z
Glove,[],[],glove,glo,1259459.0,1810.0,3402.92140289187,,3074.92140289187,https://assets.coingecko.com/coins/images/28831/large/glo.png?1675567261,2023-02-01T06:04:49.181Z,2023-04-19T14:45:42.862Z
NAOS Finance,['https://medium.com/naos-finance/introducing-naos-finance-75d3e3a1b0ab'],['https://naos.finance/'],naos-finance,naos,1085948.0,1890.0,218183292.946451,,83229040.946451,https://assets.coingecko.com/coins/images/15144/large/bafybeibkztkshitabrf7yqqkqtbjqestjknpgv7lsjfzdsa3ufspagqs2e.ipfs.infura-ipfs.io.png?1622176770,2021-05-13T04:25:01.278Z,2022-12-21T11:14:11.563Z
Quiztok,['http://www.quiztok.com/download/qtcon_wp_en.pdf'],['http://www.quiztok.com/en/index.php'],quiztok,qtcon,7084971.0,1018.0,12000000000.0,12000000000.0,6331548892.88962,https://assets.coingecko.com/coins/images/8208/large/QTCON.png?1587543372,2020-05-05T12:39:33.012Z,2023-01-02T01:35:26.111Z
DeepBrain Chain,[],[],deepbrain-chain,dbc,9014757.0,934.0,10000000000.0,,3200000000.0,https://assets.coingecko.com/coins/images/2057/large/DeepBrainChain.png?1558013602,2018-01-09T00:00:00.000Z,2020-03-13T02:24:31.811Z
KleeKai,['https://kleerun.game/whitepaper.pdf'],['https://kleerun.game/'],kleekai,klee,1104286.0,1884.0,1e+17,,1e+17,https://assets.coingecko.com/coins/images/15548/large/Klee-Kai-Logo.png?1628258448,2021-10-29T20:20:09.608Z,2022-05-01T07:05:05.740Z
H2O Dao,[],['https://h2o.homes/home'],h2o-dao,h2o,21601544.0,618.0,1000000000.0,,225062277.0,https://assets.coingecko.com/coins/images/24588/large/M5-QvqZ8_400x400.jpg?1648226430,2022-06-02T04:17:56.939Z,2023-05-21T16:09:08.630Z
Storj,"['https://storj.io/storj.pdf', 'https://storj.io/storj2014.pdf', 'https://www.storj.io/storj.pdf', 'https://www.storj.io/whitepaper']",['https://storj.io'],storj,storj,35370992.0,456.0,424999998.0,,143787438.7,https://assets.coingecko.com/coins/images/949/large/storj.png?1547034811,2021-03-28T01:39:34.946Z,2020-03-13T02:29:53.872Z
Blitz Labs,['https://docs.blitzlabs.io/'],['https://blitzlabs.io/'],blitz-labs,blitz,2122892.0,1552.0,270000000.0,270000000.0,212448847.46,https://assets.coingecko.com/coins/images/25554/large/cmc2.png?1652421101,2022-09-28T16:56:47.675Z,2023-04-09T16:20:26.615Z
OneLedger,['https://docs.oneledger.io/'],['https://oneledger.io'],one-ledger,olt,1866258.0,1628.0,1000000000.0,,434601854.6326148,https://assets.coingecko.com/coins/images/3422/large/One_Ledger.jpeg?1547038108,2021-11-07T21:05:03.740Z,2020-03-13T02:15:03.984Z
Altura,['https://drive.google.com/file/d/1xjCoKdDAsmS2lvAcNglszxhu3l15lajb/view'],"['https://alturanft.com', 'https://app.alturanft.com']",altura,alu,20834870.0,631.0,990000000.0,990000000.0,719755021.0,https://assets.coingecko.com/coins/images/15127/large/logo-dark.png?1667292591,2021-11-03T05:27:14.786Z,2021-07-19T14:10:53.841Z
Starcoin,['https://starcoin.org/en/overview/technology_whitepaper/'],"['https://starcoin.org', 'https://starcoin.org/en']",starcoin,stc,2296380.0,1498.0,309994475.0,3185136000.0,309994475.0,https://assets.coingecko.com/coins/images/20921/large/stc.png?1655535505,2022-08-20T22:18:31.089Z,2023-05-28T18:29:16.144Z
BitDAO,['https://docs.bitdao.io/'],['https://www.bitdao.io/'],bitdao,bit,599814335.0,64.0,9610239403.0,9610239403.0,1453909315.2107098,https://assets.coingecko.com/coins/images/17627/large/rI_YptK8.png?1653983088,2021-11-12T04:54:56.433Z,2022-12-17T02:15:30.928Z
IMPT,[],['https://impt.io/'],impt,impt,6449108.0,1053.0,2761897017.0,3000000000.0,1284683710.2374222,https://assets.coingecko.com/coins/images/28486/large/IMPT_logo.png?1677543087,2022-12-15T11:19:45.671Z,2023-05-16T01:55:47.262Z
Crypterium,['https://whitepaper.io/document/134/crypterium-whitepaper'],"['https://crypterium.com', 'https://crypterium.io']",crypterium,crpt,4497673.0,1193.0,95383752.0018727,,84971023.85714284,https://assets.coingecko.com/coins/images/1901/large/crypt.png?1547036205,2018-01-28T00:00:00.000Z,2023-05-11T18:45:38.505Z
PointPay,[],['http://pointpay.me'],pointpay,pxp,5711065.0,1092.0,849998093.386393,1000000000.0,449998093.386393,https://assets.coingecko.com/coins/images/8950/large/6f9823ed-464a-4413-8940-72aa61d30b43.png?1645271610,2020-06-02T07:47:18.207Z,2020-09-16T09:58:53.348Z
Kambria,"['https://kambria.io/Kambria_White_Paper_v2_20180615.pdf', 'https://r48z5eeksx9s2hyas5b71c69-wpengine.netdna-ssl.com/wp-content/uploads/2019/07/Kambria_White_Paper_v2_20180615.pdf']",['https://kambria.io/'],kambria,kat,3902065.0,1247.0,5000000000.0,,1595256717.8195074,https://assets.coingecko.com/coins/images/4784/large/kambria.png?1547040127,2018-12-20T00:55:07.871Z,2022-04-13T08:44:31.626Z
mStable USD,['https://docs.mstable.org/'],['https://mstable.org/'],musd,musd,3466168.0,1298.0,4274242.42317358,,4274242.42317358,https://assets.coingecko.com/coins/images/11576/large/mStable_USD.png?1595591803,2022-07-25T07:15:35.139Z,2021-05-19T13:21:14.799Z
Skeb,[],[],skeb,skeb,1937226.0,1607.0,9979886009.0,10000000000.0,2357425000.0,https://assets.coingecko.com/coins/images/27155/large/skebcoin-cmc.png?1662206072,2022-12-06T09:09:36.809Z,2023-05-25T02:38:41.536Z
Multichain,['https://docs.multichain.org/'],['https://multichain.org/'],multichain,multi,62338657.0,332.0,100000000.0,,19363292.6,https://assets.coingecko.com/coins/images/22087/large/1_Wyot-SDGZuxbjdkaOeT2-A.png?1640764238,2022-01-14T12:30:34.074Z,2022-06-19T02:34:57.530Z
ParaSwap,['https://doc.paraswap.network/'],"['https://app.paraswap.io', 'https://paraswap.io']",paraswap,psp,19223024.0,655.0,2000000000.0,2000000000.0,723549997.0643697,https://assets.coingecko.com/coins/images/20403/large/ep7GqM19_400x400.jpg?1636979120,2021-11-15T13:01:54.681Z,2022-08-29T14:30:16.203Z
Mobius,[],['https://www.mobius.co/'],mobius,mobi,2144859.0,1548.0,887990859.0,,513996636.0,https://assets.coingecko.com/coins/images/1501/large/mobius.png?1548085244,2021-12-21T06:13:30.096Z,2020-03-20T08:47:25.045Z
Panther Protocol,['https://www.pantherprotocol.io/resources/panther-protocol-v-1-0-1.pdf'],['https://pantherprotocol.io/'],panther,zkp,6072936.0,1069.0,282028995.0,1000000000.0,282028995.0,https://assets.coingecko.com/coins/images/18611/large/panther.jpg?1671503084,2022-03-05T02:20:14.774Z,2022-06-13T19:36:28.102Z
BEAM,['https://docs.beam.mw/BEAM_Position_Paper_v0.2.2.pdf'],['https://www.beam.mw/'],beam,beam,4755682.0,1170.0,262800000.0,,141399720.0,https://assets.coingecko.com/coins/images/7339/large/BEAM.png?1558013729,2019-01-04T14:43:42.084Z,2023-03-25T13:06:41.786Z
NUDES,['https://nudes-1.gitbook.io/nudes/'],['https://nudes.army/'],nudes,nudes,2476176.0,1460.0,9929012942812560.0,1e+16,8585552831380630.0,https://assets.coingecko.com/coins/images/24888/large/NUDES.png?1649252682,2022-05-01T17:59:57.576Z,2023-01-05T10:29:37.441Z
HydraDX,['https://docs.hydradx.io/'],['https://hydradx.io/'],hydradx,hdx,14512891.0,769.0,4372720781.85969,6500000000.0,2502672104.88628,https://assets.coingecko.com/coins/images/13929/large/hydradx_logo.png?1612877025,2023-01-28T00:00:00.000Z,2023-04-10T08:41:13.159Z
Nexa,[],['https://nxgcoin.io/'],nexacoin,nexa,21747145.0,617.0,2857220000000.0,21000000000000.0,2857220000000.0,https://assets.coingecko.com/coins/images/28729/large/200x200.png?1673689429,2023-04-02T17:45:20.485Z,2023-01-15T18:59:58.310Z
Nimiq,"['https://medium.com/nimiq-network/nimiq-a-peer-to-peer-payment-protocol-native-to-the-web-ffd324bb084', 'https://nimiq.com/whitepaper']",['https://nimiq.com/'],nimiq-2,nim,13226654.0,802.0,8886561196.0,21000000000.0,10778355272.7649,https://assets.coingecko.com/coins/images/5119/large/nimiq.png?1548329167,2021-04-12T00:43:04.025Z,2020-01-03T01:55:45.891Z
Connect Financial,['https://connect.financial/media/cf-whitepaper-biz.html'],['https://connect.financial'],connect-financial,cnfi,1029263.0,1915.0,108500000.0,,25000000.0,https://assets.coingecko.com/coins/images/13592/large/cf-logo-iconic-black.png?1644479524,2021-05-06T04:29:24.281Z,2023-05-14T01:20:31.935Z
Bolide,['https://docs.bolide.fi/'],"['http://app.bolide.fi', 'https://bolide.fi']",bolide,blid,41507988.0,410.0,9989820984.00977,10000000000.0,2094543895.58198,https://assets.coingecko.com/coins/images/25548/large/BLID_token_logo_200x200.png?1652334831,2022-10-07T10:43:27.886Z,2023-01-27T09:24:58.487Z
STFX,['https://docs.stfx.io/'],['https://www.stfx.io/'],stfx,stfx,1926941.0,1613.0,1000000000.0,1000000000.0,174511198.863354,https://assets.coingecko.com/coins/images/28631/large/stfx.png?1680832143,2023-04-22T18:10:59.731Z,2023-05-28T02:34:21.795Z
KALM,[],['http://www.am1290thegift.com/'],kalmar,kalm,11609820.0,853.0,10000000.0,10000000.0,7836274.099041096,https://assets.coingecko.com/coins/images/15849/large/kalmar.png?1660289892,2021-06-03T00:00:00.000Z,2022-06-27T16:19:56.575Z
HUSD,[],['https://www.stcoins.com/'],husd,husd,8864121.0,939.0,187817004.897379,,187817004.897379,https://assets.coingecko.com/coins/images/9567/large/HUSD.jpg?1568889385,2020-03-13T02:40:09.956Z,2023-05-16T09:54:22.926Z
GuildFi,['https://whitepaper.guildfi.com/'],['https://guildfi.com/'],guildfi,gf,17634155.0,695.0,1000000000.0,1000000000.0,295214328.740514,https://assets.coingecko.com/coins/images/20933/large/guildfi-logo-200.png?1638003537,2021-12-04T15:04:25.133Z,2023-05-26T13:00:43.372Z
Splintershards,['https://sps.splinterlands.com/'],['https://splinterlands.com/'],splinterlands,sps,8355336.0,958.0,1110156431.11071,3000000000.0,489718725.3536008,https://assets.coingecko.com/coins/images/17332/large/splinter.PNG?1627339560,2021-07-28T03:16:00.096Z,2023-05-24T15:31:30.834Z
Sai,['https://makerdao.com/ru/whitepaper/sai/'],['https://makerdao.com/'],sai,sai,21915791.0,611.0,2910956.56571928,2910956.56571928,2910956.56571928,https://assets.coingecko.com/coins/images/1442/large/dai.png?1547035520,2021-05-14T17:24:02.613Z,2018-01-27T00:00:00.000Z
ORE Network,['https://ore.network/wp-content/uploads/2021/09/ORE-Whitepaper-2.0.pdf'],['https://ore.network/'],ptokens-ore,ore,1408025.0,1753.0,1060000000.0,1060000000.0,540003420.0,https://assets.coingecko.com/coins/images/18917/large/ORE_FullColor.png?1633921977,2021-11-08T04:42:11.371Z,2023-05-11T05:54:19.582Z
Sai,['https://makerdao.com/ru/whitepaper/sai/'],['https://makerdao.com/'],sai,sai,21915791.0,611.0,2910956.56571928,2910956.56571928,2910956.56571928,https://assets.coingecko.com/coins/images/1442/large/dai.png?1547035520,2021-05-14T17:24:02.613Z,2018-01-27T00:00:00.000Z
Plugin,[],['https://www.goplugin.co/'],plugin,pli,2214843.0,1525.0,500000000.0,500000000.0,68913000.0,https://assets.coingecko.com/coins/images/19586/large/244800308_116216454152265_6257676145772128053_n.png?1635472714,2021-11-10T10:09:28.681Z,2023-05-21T03:30:04.967Z
Steam Exchange,['https://docs.steamexchange.ca/'],['https://steamexchange.ca/'],steam-exchange,steamx,4291191.0,1207.0,100000000000.0,,100000000000.0,https://assets.coingecko.com/coins/images/16914/large/steamx.png?1632824252,2021-10-24T17:24:49.492Z,2021-09-26T03:07:20.613Z
BOSagora,['https://bosagora.io/wp-content/uploads/2020/01/BOSAGORA-Whitepaper-En.pdf'],['https://bosagora.io'],bosagora,boa,4428758.0,1197.0,584270391.375647,4950000000.0,332070223.155712,https://assets.coingecko.com/coins/images/9202/large/Picture1.png?1673623413,2021-03-28T15:11:46.457Z,2021-01-10T11:26:16.620Z
Creaticles,"['https://www.creaticles.com/Creaticles_White_Paper.pdf', 'https://docsend.com/view/nbbgsm2wymwfnjc8']","['https://app.creaticles.com', 'https://creaticles.com']",creaticles,cre8,1037758.0,1911.0,1000000000.0,1000000000.0,118649451.24,https://assets.coingecko.com/coins/images/21115/large/logo-v3-small.png?1638339957,2021-12-07T18:11:14.628Z,2023-03-16T15:58:39.903Z
Storj,"['https://storj.io/storj.pdf', 'https://storj.io/storj2014.pdf', 'https://www.storj.io/storj.pdf', 'https://www.storj.io/whitepaper']",['https://storj.io'],storj,storj,35370992.0,456.0,424999998.0,,143787438.7,https://assets.coingecko.com/coins/images/949/large/storj.png?1547034811,2021-03-28T01:39:34.946Z,2020-03-13T02:29:53.872Z
BnkToTheFuture,['https://bf-token.bnktothefuture.com/pdf/whitepaper.pdf'],['https://bf-token.bnktothefuture.com/#!/'],bnktothefuture,bft,1257901.0,1813.0,1000000000.0,,329991099.3247391,https://assets.coingecko.com/coins/images/3468/large/bnktothefuture.png?1547351865,2018-05-05T19:53:48.982Z,2020-03-16T11:04:37.049Z
Sinverse,['https://sinverse.com/documents'],['https://sinverse.com/'],sin-city,sin,1990493.0,1594.0,1000000000.0,1000000000.0,447756892.13,https://assets.coingecko.com/coins/images/19291/large/Sin_Verse_Logo_White_Text_White_Windows.png?1645276533,2021-11-28T03:29:56.719Z,2023-05-13T11:25:28.854Z
Ref Finance,['https://guide.ref.finance/'],"['https://app.ref.finance', 'https://ref.finance']",ref-finance,ref,2257877.0,1509.0,100000000.0,,26984095.6866806,https://assets.coingecko.com/coins/images/18279/large/ref.png?1631238807,2021-10-25T22:29:50.921Z,2023-01-02T00:25:30.607Z
Fetch.ai,"['https://whitepaper.io/document/447/fetch-technical-introduction', 'https://www.dropbox.com/s/gxptsecwdl3jjtn/David%20Minarsch%20-%202021-04-26%2010.34.17%20-%20paper_21_finalversion.pdf?dl=0', 'https://fetch.ai/wp-content/uploads/2019/10/technical-introduction.pdf']","['https://linktr.ee/fetch_ai', 'https://agentverse.ai', 'https://fetch-ai.network', 'https://fetch.ai']",fetch-ai,fet,232488406.0,130.0,1152997575.0,1152997575.0,1043462805.0,https://assets.coingecko.com/coins/images/5681/large/Fetch.jpg?1572098136,2021-09-08T02:24:24.858Z,2020-03-13T02:24:18.347Z
CargoX,"['https://cargox.io/CargoX-Whitepaper.pdf', 'https://cargox.info/files/CargoX-Business-Overview-Technology-Bluepaper.pdf']","['https://cargox.com.br', 'https://cargox.io', 'https://cxo-token.io']",cargox,cxo,21893864.0,609.0,215119016.0,,167160147.72525844,https://assets.coingecko.com/coins/images/2580/large/cargox.png?1547738832,2021-06-09T17:48:51.410Z,2020-01-01T01:02:55.491Z
Revenue Coin,['https://revenuecoin.io/wp-content/uploads/2021/11/White-Paper-V6.pdf'],['https://revenuecoin.io/'],revenue-coin,rvc,1123192.0,1875.0,1729481687.0,1729481687.0,862441188.282,https://assets.coingecko.com/coins/images/21625/large/RVC_logo_200_200.png?1639625596,2021-12-18T08:18:42.845Z,2023-05-22T18:41:24.876Z
INTchain,[],['https://intchain.io/'],internet-node-token,int,2114585.0,1555.0,927388163.718529,960304191.96,686537397.070946,https://assets.coingecko.com/coins/images/2519/large/int-logo-red-transparent_200x200.png?1617251612,2018-01-22T00:00:00.000Z,2022-12-23T23:15:42.551Z
mStable USD,['https://docs.mstable.org/'],['https://mstable.org/'],musd,musd,3466168.0,1298.0,4274242.42317358,,4274242.42317358,https://assets.coingecko.com/coins/images/11576/large/mStable_USD.png?1595591803,2022-07-25T07:15:35.139Z,2021-05-19T13:21:14.799Z
Kishu Inu,['https://kishu.com/whitepaper'],['https://kishu.com/'],kishu-inu,kishu,28288807.0,527.0,,,9.683492960228464e+16,https://assets.coingecko.com/coins/images/14890/large/uVLzCoP.png?1622445866,2021-05-15T02:19:47.919Z,2021-04-23T23:08:02.648Z
Dash 2 Trade,['https://static.icoholder.com/files/1036136/f2123fbd301a3d25bcfd84dd8bf27650.pdf'],['https://dash2trade.com/'],dash-2-trade,d2t,3612343.0,1276.0,1000000000.0,1000000000.0,373500000.0,https://assets.coingecko.com/coins/images/28707/large/logo.png?1675762068,2023-03-06T07:15:35.022Z,2023-05-19T21:06:03.711Z
Morpheus Network,[],['https://morpheus.network/'],morpheus-network,mnw,47763356.0,386.0,47897218.0,47897218.0,37520088.3855,https://assets.coingecko.com/coins/images/2379/large/MRPH_CoinGecko.png?1635847791,2021-11-11T07:57:14.750Z,2018-08-11T00:00:00.000Z
Regen,[],['https://www.regen.de/'],regen,regen,9276012.0,923.0,148354422.875587,,148354422.875587,https://assets.coingecko.com/coins/images/16733/large/REGEN.png?1624861317,2021-09-20T00:00:07.421Z,2023-05-30T21:45:23.072Z
Frax,['https://docs.frax.finance/overview'],"['http://shef.ac.uk/frax', 'https://frax.finance']",frax,frax,808293054.0,47.0,1004141409.40878,1004141409.40878,1004141409.40878,https://assets.coingecko.com/coins/images/13422/large/FRAX_icon.png?1679886922,2022-09-26T01:02:24.134Z,2021-05-19T13:13:57.891Z
Interlay,"['https://docs.interlay.io/', 'https://eprint.iacr.org/2018/643.pdf']",['https://interlay.io/'],interlay,intr,1641341.0,1680.0,1000000000.0,,94782414.3560784,https://assets.coingecko.com/coins/images/26180/large/Interlay-Coinbase-2.png?1656382486,2022-07-18T19:45:36.630Z,2023-01-08T14:35:07.365Z
Navcoin,"['https://www.navcoin.org/files/navtech-whitepaper-beta-v0.9.pdf', 'https://doc.nav.community/']","['http://navcoin.org', 'https://info.navcoin.org']",nav-coin,nav,3163068.0,1341.0,,,76252898.5931305,https://assets.coingecko.com/coins/images/233/large/Navcoin_Logo.png?1618823660,2018-01-12T00:00:00.000Z,2014-10-31T00:00:00.000Z
Multichain,['https://docs.multichain.org/'],['https://multichain.org/'],multichain,multi,62338657.0,332.0,100000000.0,,19363292.6,https://assets.coingecko.com/coins/images/22087/large/1_Wyot-SDGZuxbjdkaOeT2-A.png?1640764238,2022-01-14T12:30:34.074Z,2022-06-19T02:34:57.530Z
GenomesDAO,[],['https://genomes.io'],genomesdao,$gene,1465891.0,1736.0,1000000000.0,1000000000.0,270847054.2630852,https://assets.coingecko.com/coins/images/20807/large/1637683704200x200.png?1637708934,2021-11-25T16:49:16.781Z,2023-01-01T18:55:16.141Z
ADAMANT Messenger,['https://adamant.im/whitepaper/adamant-whitepaper-en.pdf'],"['https://adamant.im', 'https://msg.adamant.im']",adamant-messenger,adm,1600855.0,1688.0,100671565.0,,110817114.5,https://assets.coingecko.com/coins/images/2372/large/adamant.png?1586835505,2019-05-15T23:44:19.855Z,2023-02-17T00:05:48.125Z
Huobi BTC,['https://www.hbtc.finance/static/pdf/whitepaper-en.pdf'],['https://www.hbtc.finance/zh-cn/'],huobi-btc,hbtc,201972946.0,148.0,8969.497004742,8969.497004742,8969.497004742,https://assets.coingecko.com/coins/images/12407/large/Unknown-5.png?1599624896,2022-04-21T18:59:43.859Z,2020-10-12T03:56:16.768Z
GuildFi,['https://whitepaper.guildfi.com/'],['https://guildfi.com/'],guildfi,gf,17634155.0,695.0,1000000000.0,1000000000.0,295214328.740514,https://assets.coingecko.com/coins/images/20933/large/guildfi-logo-200.png?1638003537,2021-12-04T15:04:25.133Z,2023-05-26T13:00:43.372Z
NAGA,"['https://files.nagaico.com/documents/The%20NAGA%20Coin_White%20Paper_V1.0.0.pdf', 'https://docsend.com/view/srsg4zw']","['https://nagacoin.io', 'https://nagaico.com']",naga,ngc,7401822.0,994.0,77910266.0,77910266.0,77910266.0,https://assets.coingecko.com/coins/images/1439/large/naga.jpg?1547035515,2017-12-30T00:00:00.000Z,2020-03-13T02:12:35.954Z
Band Protocol,['https://bandprotocol.com/whitepaper-3.0.1.pdf'],['https://bandprotocol.com'],band-protocol,band,147130948.0,184.0,134906853.82513,,126107371.838294,https://assets.coingecko.com/coins/images/9545/large/Band_token_blue_violet_token.png?1625881431,2021-04-15T12:04:11.270Z,2019-11-25T05:49:22.765Z
Alchemix USD,[],['https://alchemix.fi/'],alchemix-usd,alusd,137476457.0,191.0,171719805.602693,,171719805.602693,https://assets.coingecko.com/coins/images/14114/large/Alchemix_USD.png?1614410406,2021-03-21T19:53:32.860Z,2021-03-19T22:40:28.697Z
NUDES,['https://nudes-1.gitbook.io/nudes/'],['https://nudes.army/'],nudes,nudes,2476176.0,1460.0,9929012942812560.0,1e+16,8585552831380630.0,https://assets.coingecko.com/coins/images/24888/large/NUDES.png?1649252682,2022-05-01T17:59:57.576Z,2023-01-05T10:29:37.441Z
MahaDAO,['https://docs.arthcoin.com/'],['https://mahadao.com/'],mahadao,maha,1959910.0,1603.0,10000000.0,10000000.0,4911702.969057147,https://assets.coingecko.com/coins/images/13404/large/MAHA_Token.png?1625651604,2021-01-18T14:07:35.812Z,2023-05-11T05:58:30.672Z
Aston Martin Cognizant Fan Token,[],"['https://medium.com/socios', 'https://chiliz.com', 'https://socios.com']",aston-martin-cognizant-fan-token,am,1447944.0,1744.0,10000000.0,,2009081.0,https://assets.coingecko.com/coins/images/16868/large/VVY4ZVPQ8EJoHgJGCRNGptFXFICPT5mpxwHMmSEW.png?1625476315,2021-07-06T10:33:43.080Z,2023-01-01T10:00:21.899Z
GraphLinq Protocol,"['https://graphlinq.io/litepaper.pdf', 'https://graphlinq.io/whitepaper.pdf']",['https://graphlinq.io/'],graphlinq-protocol,glq,1825689.0,1639.0,499999961.366287,499999961.366287,339999895.0,https://assets.coingecko.com/coins/images/14474/large/graphlinq_logo.jpg?1616397109,2021-05-18T09:24:41.144Z,2022-06-18T20:00:31.663Z
FutureCoin,['https://assets.e-futurecoin.com/Future-Coin-WP.pdf'],['https://e-futurecoin.com/'],futurecoin,future,1169838.0,1852.0,119680000.0,,38411534.56288676,https://assets.coingecko.com/coins/images/23806/large/3ptM03y.png?1645509244,2023-01-08T01:26:30.980Z,2023-05-19T19:20:17.792Z
Neighbourhoods,['https://whitepaper.neighbourhoods.network/'],['https://neighbourhoods.network/'],neighbourhoods,nht,1900536.0,1620.0,10000000000.0,30000000000.0,8572300325.099251,https://assets.coingecko.com/coins/images/22055/large/social_media_logo_black_bg.png?1640682530,2022-01-05T14:09:08.644Z,2023-01-17T17:46:14.486Z
Decentral Games,['https://docs.decentral.games'],['https://decentral.games/'],decentral-games,dg,12872595.0,813.0,681219905.978227,1000000000.0,681219905.978227,https://assets.coingecko.com/coins/images/21173/large/Decentral_Games_Logo-1.png?1638441275,2021-12-02T10:54:22.100Z,2023-01-25T15:02:22.957Z
Sologenic,['https://www.sologenic.com/downloads/sologenic-whitepaper.pdf'],['https://www.sologenic.com/'],solo-coin,solo,43196110.0,403.0,399198717.0,400000000.0,399198717.0,https://assets.coingecko.com/coins/images/10771/large/solo.png?1639914533,2021-12-02T18:22:08.995Z,2021-10-28T22:57:25.877Z
MahaDAO,['https://docs.arthcoin.com/'],['https://mahadao.com/'],mahadao,maha,1959910.0,1603.0,10000000.0,10000000.0,4911702.969057147,https://assets.coingecko.com/coins/images/13404/large/MAHA_Token.png?1625651604,2021-01-18T14:07:35.812Z,2023-05-11T05:58:30.672Z
ADAPad,[],['https://adapad.io/'],adapad,adapad,2306467.0,1500.0,375441694.823254,1000000000.0,375441694.823254,https://assets.coingecko.com/coins/images/18273/large/EhSqPTtG_400x400.jpg?1631181091,2021-10-06T21:50:04.424Z,2022-12-31T11:26:25.009Z
Dynex,[],[],dynex,dnx,9091369.0,932.0,56631832.1196032,100000000.0,56635885.9014675,https://assets.coingecko.com/coins/images/27776/large/Transparent_Logo.png?1665728441,2023-04-16T07:59:19.763Z,2022-10-19T08:57:45.443Z
OpenOcean,['https://docs.openocean.finance'],"['https://app.openocean.finance', 'https://openocean.finance']",openocean,ooe,7130195.0,1014.0,1000000000.0,1000000000.0,504425832.0,https://assets.coingecko.com/coins/images/17014/large/ooe_log.png?1626074195,2021-09-02T13:50:30.100Z,2023-01-05T12:05:10.560Z
Everdome,['https://everdome-static.s3.eu-north-1.amazonaws.com/EVERDOME_LITEPAPER_V3_compressed_0a2caf498c.pdf?updated_at=2022-02-14T10%3A42%3A22.506Z'],['https://everdome.io/'],everdome,dome,20534444.0,634.0,100000000000.0,100000000000.0,22177498356.0,https://assets.coingecko.com/coins/images/23267/large/Ix-ms0fq_400x400.jpg?1643414048,2022-02-17T10:40:37.142Z,2023-05-12T11:04:22.784Z
Sai,['https://makerdao.com/ru/whitepaper/sai/'],['https://makerdao.com/'],sai,sai,21915791.0,611.0,2910956.56571928,2910956.56571928,2910956.56571928,https://assets.coingecko.com/coins/images/1442/large/dai.png?1547035520,2021-05-14T17:24:02.613Z,2018-01-27T00:00:00.000Z
BEAM,['https://docs.beam.mw/BEAM_Position_Paper_v0.2.2.pdf'],['https://www.beam.mw/'],beam,beam,4755682.0,1170.0,262800000.0,,141399720.0,https://assets.coingecko.com/coins/images/7339/large/BEAM.png?1558013729,2019-01-04T14:43:42.084Z,2023-03-25T13:06:41.786Z
BUX,[],['https://getbux.com/'],blockport,bux,4518770.0,1192.0,76384000.0,,64853973.82022536,https://assets.coingecko.com/coins/images/2316/large/BUXC.png?1600760731,2019-02-21T05:59:36.833Z,2019-09-27T00:00:00.000Z
FactorDAO,['https://factorlaunch.notion.site/Whitepaper-d25b8a9d8d3341948c439038e387cf97'],['https://www.factor.fi/'],factor,fctr,2836922.0,1398.0,100000000.0,100000000.0,15000000.0,https://assets.coingecko.com/coins/images/29018/large/factor.jpg?1675944657,2023-02-26T22:30:23.357Z,2023-05-27T20:05:03.873Z
PAID Network,['https://docsend.com/view/jdbdpza9d9nehnf2'],"['https://paidnetwork.com', 'https://paidnetwork.medium.com']",paid-network,paid,3357238.0,1311.0,594717455.71,594717455.71,223595820.40154,https://assets.coingecko.com/coins/images/13761/large/512.png?1648630881,2021-04-11T21:08:21.738Z,2023-01-01T00:06:25.336Z
Golem,['https://golem.network/doc/Golemwhitepaper.pdf'],['https://golem.network'],golem,glm,169835806.0,171.0,1000000000.0,,1000000000.0,https://assets.coingecko.com/coins/images/542/large/Golem_Submark_Positive_RGB.png?1606392013,2018-04-13T09:13:22.739Z,2016-12-12T00:00:00.000Z
BNB,['https://www.exodus.com/assets/docs/binance-coin-whitepaper.pdf'],['https://www.binance.com/en/bnb'],binancecoin,bnb,39757158079.0,4.0,157900174.0,200000000.0,157886280.0,https://assets.coingecko.com/coins/images/825/large/bnb-icon2_2x.png?1644979850,2021-11-07T10:13:53.906Z,2017-10-19T00:00:00.000Z
BTC 2x Flexible Leverage Index,[],[],btc-2x-flexible-leverage-index,btc2x-fli,1714616.0,1662.0,286971.82290293,,286971.82290293,https://assets.coingecko.com/coins/images/15406/large/Copy_of_BTC2x-FLI_token_logo.png?1646749417,2021-05-11T19:39:34.307Z,2022-11-22T07:05:12.392Z
Shardus,['https://shardus.com/whitepaper.pdf'],['https://shardus.com/'],shardus,ult,54129630.0,366.0,1000000000.0,,439556760.33010703,https://assets.coingecko.com/coins/images/8383/large/final_logo_photoshop.png?1557890272,2021-05-03T23:24:40.764Z,2020-02-03T01:57:18.293Z
Nimiq,"['https://medium.com/nimiq-network/nimiq-a-peer-to-peer-payment-protocol-native-to-the-web-ffd324bb084', 'https://nimiq.com/whitepaper']",['https://nimiq.com/'],nimiq-2,nim,13226654.0,802.0,8886561196.0,21000000000.0,10778355272.7649,https://assets.coingecko.com/coins/images/5119/large/nimiq.png?1548329167,2021-04-12T00:43:04.025Z,2020-01-03T01:55:45.891Z
INTchain,[],['https://intchain.io/'],internet-node-token,int,2114585.0,1555.0,927388163.718529,960304191.96,686537397.070946,https://assets.coingecko.com/coins/images/2519/large/int-logo-red-transparent_200x200.png?1617251612,2018-01-22T00:00:00.000Z,2022-12-23T23:15:42.551Z
BOSagora,['https://bosagora.io/wp-content/uploads/2020/01/BOSAGORA-Whitepaper-En.pdf'],['https://bosagora.io'],bosagora,boa,4428758.0,1197.0,584270391.375647,4950000000.0,332070223.155712,https://assets.coingecko.com/coins/images/9202/large/Picture1.png?1673623413,2021-03-28T15:11:46.457Z,2021-01-10T11:26:16.620Z
Kambria,"['https://kambria.io/Kambria_White_Paper_v2_20180615.pdf', 'https://r48z5eeksx9s2hyas5b71c69-wpengine.netdna-ssl.com/wp-content/uploads/2019/07/Kambria_White_Paper_v2_20180615.pdf']",['https://kambria.io/'],kambria,kat,3902065.0,1247.0,5000000000.0,,1595256717.8195074,https://assets.coingecko.com/coins/images/4784/large/kambria.png?1547040127,2018-12-20T00:55:07.871Z,2022-04-13T08:44:31.626Z
Minted,[],['http://www.minted.com/'],minted,mtd,17136433.0,707.0,884302483.0,1000000000.0,169804516.458889,https://assets.coingecko.com/coins/images/26893/large/MTD_Token_%282%29.png?1660708482,2022-11-06T13:23:52.441Z,2023-05-22T07:40:08.749Z
Golem,['https://golem.network/doc/Golemwhitepaper.pdf'],['https://golem.network'],golem,glm,169835806.0,171.0,1000000000.0,,1000000000.0,https://assets.coingecko.com/coins/images/542/large/Golem_Submark_Positive_RGB.png?1606392013,2018-04-13T09:13:22.739Z,2016-12-12T00:00:00.000Z
